student id ,academic_percentage,skills,Interests
22P35A0301,78,Machine Learning,Data Science
22P35A0302,80,Web Development,Software Engineering
22P35A0303,85,Data Analysis,Data Science
22P35A0304,41,CSS;JavaScript,Web Development
22P35A0305,59,Embedded Systems,Hardware Engineering
22P35A0306,63,Python;Statistics,Data Science
22P35A0307,58,Ruby;Rails,Software Engineering
22P35A0308,63,Photoshop;Illustrator,Graphic Design
22P35A0309,47,Java;Spring Boot,Software Engineering
22P35A0310,65,Python;Deep Learning,Artificial Intelligence
22P35A0311,80,Web Development,Hardware Engineering
22P35A0312,88,Photoshop;Illustrator,Hardware Engineering
22P35A0313,78,CSS;JavaScript,Hardware Engineering
22P35A0314,47,Data Analysis,Hardware Engineering
22P35A0315,74,Web Development,Hardware Engineering
22P35A0316,85,"AWS, IOT, PCB DESIGN",Data Science
22P35A0317,58,Photoshop;Illustrator,Data Science
22P35A0318,75,Embedded Systems,Data Science
22P35A0319,57,Python;Statistics,Data Science
22P35A0320,39,Ruby;Rails,Web Development
22P35A0321,94,Java;Spring Boot,Web Development
22P35A0322,87,Data Analysis,Web Development
22P35A0323,78,CSS;JavaScript,Graphic Design
22P35A0324,65,Photoshop;Illustrator,Graphic Design
22P35A0325,56,Ruby;Rails,Graphic Design
22P35A0409,95,"AWS, IOT, PCB DESIGN",HARD WARE ENGINEERING
,47,Machine Learning,Web Development
21A91A0502,47,Machine Learning,Web Development
21A91A0504,47,Machine Learning,Web Development
21A91A0505,47,Machine Learning,Web Development
21A91A0506,47,Machine Learning,Web Development
21A91A0508,47,Machine Learning,Web Development
21A91A0509,47,Machine Learning,Web Development
21A91A0510,47,Machine Learning,Web Development
21A91A0514,47,Machine Learning,Web Development
21A91A0517,47,Machine Learning,Web Development
21A91A0519,47,Machine Learning,Web Development
21A91A0520,47,Machine Learning,Web Development
21A91A0523,47,Machine Learning,Web Development
21A91A0524,47,Machine Learning,Web Development
21A91A0525,47,Machine Learning,Web Development
21A91A0527,47,Machine Learning,Web Development
21A91A0528,47,Machine Learning,Web Development
21A91A0529,47,Machine Learning,Web Development
21A91A0530,47,Machine Learning,Web Development
21A91A0532,47,Machine Learning,Web Development
21A91A0533,47,Machine Learning,Web Development
21A91A0534,47,Machine Learning,Web Development
21A91A0538,47,Machine Learning,Web Development
21A91A0539,47,Machine Learning,Web Development
21A91A0542,47,Machine Learning,Web Development
21A91A0544,47,Machine Learning,Web Development
21A91A0545,47,Machine Learning,Web Development
21A91A0548,47,Machine Learning,Web Development
21A91A0551,47,Machine Learning,Web Development
21A91A0554,47,Machine Learning,Web Development
21A91A0555,47,Machine Learning,Web Development
21A91A0556,47,Machine Learning,Web Development
21A91A0557,47,Machine Learning,Web Development
21A91A0558,47,Machine Learning,Web Development
21A91A0559,47,Machine Learning,Web Development
21A91A0560,47,Machine Learning,Web Development
21A91A0562,47,Machine Learning,Web Development
21A91A0563,47,Machine Learning,Web Development
21A91A0567,47,Machine Learning,Web Development
21A91A0570,47,Machine Learning,Web Development
21A91A0571,47,Machine Learning,Web Development
21A91A0572,47,Machine Learning,Web Development
21A91A0573,47,Machine Learning,Web Development
21A91A0574,47,Machine Learning,Web Development
21A91A0575,47,Machine Learning,Web Development
21A91A0578,47,Machine Learning,Web Development
21A91A0580,47,Machine Learning,Web Development
21A91A0581,47,Machine Learning,Web Development
21A91A0582,47,Machine Learning,Web Development
21A91A0583,47,Machine Learning,Web Development
21A91A0584,47,Machine Learning,Web Development
21A91A0585,47,Machine Learning,Web Development
21A91A0588,47,Machine Learning,Web Development
21A91A0591,47,Machine Learning,Web Development
21A91A0593,88,Machine Learning,Web Development
21A91A0594,88,Machine Learning,Web Development
21A91A0595,88,Machine Learning,Web Development
21A91A0596,88,Machine Learning,Web Development
21A91A0598,88,Machine Learning,Web Development
21A91A0599,88,Machine Learning,Web Development
21A91A05A0,88,Machine Learning,Web Development
21A91A05A1,88,Machine Learning,Web Development
21A91A05A2,88,Machine Learning,Web Development
21A91A05A3,88,Machine Learning,Web Development
21A91A05A4,88,Machine Learning,Web Development
21A91A05A5,88,Machine Learning,Web Development
21A91A05A7,88,Machine Learning,Web Development
21A91A05A8,88,Machine Learning,Web Development
21A91A05B3,88,Machine Learning,Web Development
21A91A05B5,88,Machine Learning,Web Development
21A91A05B7,88,Machine Learning,Web Development
21A91A05B8,88,Machine Learning,Web Development
21A91A05B9,88,Machine Learning,Web Development
21A91A05C2,88,Machine Learning,Web Development
21A91A05C3,88,Machine Learning,Web Development
21A91A05C4,88,Machine Learning,Web Development
21A91A05C5,88,Machine Learning,Web Development
21A91A05C7,88,Machine Learning,Web Development
21A91A05C8,88,Machine Learning,Web Development
21A91A05C9,88,Machine Learning,Web Development
21A91A05D0,88,Machine Learning,Web Development
21A91A05D1,88,Machine Learning,Web Development
21A91A05D3,88,Machine Learning,Web Development
21A91A05D4,88,Machine Learning,Web Development
21A91A05D6,88,Machine Learning,Web Development
21A91A05D7,88,Machine Learning,Web Development
21A91A05E1,88,Machine Learning,Web Development
21A91A05E2,88,Machine Learning,Web Development
21A91A05E6,88,Machine Learning,Web Development
21A91A05E8,88,Machine Learning,Web Development
21A91A05E9,88,Machine Learning,Web Development
21A91A05F2,88,Machine Learning,Web Development
21A91A05F3,88,Machine Learning,Web Development
21A91A05F4,88,Machine Learning,Web Development
21A91A05F5,88,Machine Learning,Web Development
21A91A05G4,88,Machine Learning,Web Development
21A91A05G5,88,Machine Learning,Web Development
21A91A05G8,88,Machine Learning,Web Development
21A91A05H0,88,Machine Learning,Web Development
21A91A05H6,88,Machine Learning,Web Development
21A91A05H8,88,Machine Learning,Web Development
21A91A05I0,88,Machine Learning,Web Development
21A91A05I1,88,Machine Learning,Web Development
21A91A05I2,88,Machine Learning,Web Development
21A91A05I4,88,Machine Learning,Web Development
21A91A05I5,88,Machine Learning,Web Development
21A91A05I6,88,Machine Learning,Web Development
21A91A05I7,88,Machine Learning,Web Development
21A91A05I9,88,Machine Learning,Web Development
21A91A05J0,88,Machine Learning,Web Development
21A91A05J2,88,Machine Learning,Web Development
21A91A05J3,88,Machine Learning,Web Development
21A91A05J4,88,Machine Learning,Web Development
21A91A05J7,88,Machine Learning,Web Development
21A91A05J8,88,Machine Learning,Web Development
21A91A05J9,88,Machine Learning,Web Development
21A91A05K3,88,Machine Learning,Web Development
22A95A0501,88,Machine Learning,Web Development
22A95A0502,88,Machine Learning,Web Development
22A95A0503,88,Machine Learning,Web Development
22A95A0504,88,Machine Learning,Web Development
22A95A0505,78,Machine Learning,Web Development
22A95A0507,78,Machine Learning,Web Development
22A95A0509,78,Machine Learning,Web Development
22A95A0511,78,Machine Learning,Web Development
22A95A0512,78,Machine Learning,Web Development
22A95A0513,78,Machine Learning,Web Development
22A95A0514,78,Machine Learning,Web Development
22A95A0515,78,Machine Learning,Web Development
21A91A0401,78,Machine Learning,Web Development
21A91A0402,78,Machine Learning,Web Development
21A91A0406,78,Machine Learning,Web Development
21A91A0408,78,Machine Learning,Web Development
21A91A0411,78,Machine Learning,Web Development
21A91A0412,78,Machine Learning,Web Development
21A91A0413,78,Machine Learning,Web Development
21A91A0414,78,Machine Learning,Web Development
21A91A0415,78,Machine Learning,Web Development
21A91A0416,78,Machine Learning,Web Development
21A91A0417,78,Machine Learning,Web Development
21A91A0421,78,Machine Learning,Web Development
21A91A0427,78,Machine Learning,Web Development
21A91A0429,78,Machine Learning,Web Development
21A91A0431,78,"AWS, IOT, PCB DESIGN",Web Development
21A91A0433,78,"AWS, IOT, PCB DESIGN",Web Development
21A91A0434,78,"AWS, IOT, PCB DESIGN",Web Development
21A91A0436,78,"AWS, IOT, PCB DESIGN",Web Development
21A91A0438,78,"AWS, IOT, PCB DESIGN",Web Development
21A91A0442,78,"AWS, IOT, PCB DESIGN",Web Development
21A91A0445,78,"AWS, IOT, PCB DESIGN",Web Development
21A91A0446,78,"AWS, IOT, PCB DESIGN",Web Development
21A91A0447,78,"AWS, IOT, PCB DESIGN",Web Development
21A91A0448,78,"AWS, IOT, PCB DESIGN",Web Development
21A91A0450,78,"AWS, IOT, PCB DESIGN",Web Development
21A91A0457,78,"AWS, IOT, PCB DESIGN",Web Development
21A91A0458,78,"AWS, IOT, PCB DESIGN",Web Development
21A91A0461,78,"AWS, IOT, PCB DESIGN",Web Development
21A91A0462,78,"AWS, IOT, PCB DESIGN",Web Development
21A91A0463,78,"AWS, IOT, PCB DESIGN",Web Development
21A91A0464,78,"AWS, IOT, PCB DESIGN",Web Development
21A91A0466,78,"AWS, IOT, PCB DESIGN",Web Development
21A91A0469,78,"AWS, IOT, PCB DESIGN",Web Development
21A91A0471,78,"AWS, IOT, PCB DESIGN",Web Development
21A91A0475,78,"AWS, IOT, PCB DESIGN",Web Development
21A91A0477,78,"AWS, IOT, PCB DESIGN",Web Development
21A91A0479,78,"AWS, IOT, PCB DESIGN",Web Development
21A91A0482,78,"AWS, IOT, PCB DESIGN",Web Development
21A91A0484,78,"AWS, IOT, PCB DESIGN",Web Development
21A91A0485,78,"AWS, IOT, PCB DESIGN",Web Development
21A91A0486,78,"AWS, IOT, PCB DESIGN",Web Development
21A91A0487,78,"AWS, IOT, PCB DESIGN",Web Development
21A91A0488,78,"AWS, IOT, PCB DESIGN",Web Development
21A91A0489,78,"AWS, IOT, PCB DESIGN",Web Development
21A91A0495,78,"AWS, IOT, PCB DESIGN",Web Development
21A91A0497,78,"AWS, IOT, PCB DESIGN",Web Development
21A91A0499,78,"AWS, IOT, PCB DESIGN",Web Development
21A91A04A0,78,"AWS, IOT, PCB DESIGN",Web Development
21A91A04A1,78,"AWS, IOT, PCB DESIGN",Web Development
21A91A04A2,78,"AWS, IOT, PCB DESIGN",Web Development
21A91A04A9,78,"AWS, IOT, PCB DESIGN",Web Development
21A91A04B0,78,"AWS, IOT, PCB DESIGN",Web Development
21A91A04B9,78,"AWS, IOT, PCB DESIGN",Web Development
21A91A04C7,78,"AWS, IOT, PCB DESIGN",Web Development
21A91A04D1,78,"AWS, IOT, PCB DESIGN",Web Development
21A91A04D2,78,"AWS, IOT, PCB DESIGN",Web Development
21A91A04D3,78,"AWS, IOT, PCB DESIGN",Web Development
21A91A04D5,78,"AWS, IOT, PCB DESIGN",Web Development
21A91A04D6,78,"AWS, IOT, PCB DESIGN",Web Development
21A91A04D9,78,"AWS, IOT, PCB DESIGN",Web Development
21A91A04E3,78,"AWS, IOT, PCB DESIGN",Web Development
21A91A04E5,78,"AWS, IOT, PCB DESIGN",Web Development
21A91A04E8,78,"AWS, IOT, PCB DESIGN",Web Development
21A91A04F1,78,"AWS, IOT, PCB DESIGN",Web Development
21A91A04F2,78,"AWS, IOT, PCB DESIGN",Web Development
21A91A04F4,78,"AWS, IOT, PCB DESIGN",Web Development
21A91A04F5,78,"AWS, IOT, PCB DESIGN",Web Development
21A91A04F6,78,"AWS, IOT, PCB DESIGN",Web Development
21A91A04F7,78,"AWS, IOT, PCB DESIGN",Web Development
21A91A04F8,78,"AWS, IOT, PCB DESIGN",Web Development
21A91A04F9,78,"AWS, IOT, PCB DESIGN",Web Development
21A91A04G0,78,"AWS, IOT, PCB DESIGN",Web Development
21A91A04G1,78,"AWS, IOT, PCB DESIGN",Web Development
21A91A04G2,78,"AWS, IOT, PCB DESIGN",Web Development
21A91A04G3,78,"AWS, IOT, PCB DESIGN",Web Development
21A91A04G5,78,"AWS, IOT, PCB DESIGN",Web Development
21A91A04G6,78,"AWS, IOT, PCB DESIGN",Web Development
21A91A04G7,78,"AWS, IOT, PCB DESIGN",Web Development
21A91A04H0,78,"AWS, IOT, PCB DESIGN",Web Development
21A91A04H1,78,"AWS, IOT, PCB DESIGN",Web Development
21A91A04H4,78,"AWS, IOT, PCB DESIGN",Web Development
21A91A04H7,78,"AWS, IOT, PCB DESIGN",Web Development
21A91A04H8,78,"AWS, IOT, PCB DESIGN",Web Development
21A91A04H9,78,"AWS, IOT, PCB DESIGN",Web Development
21A91A04I0,78,"AWS, IOT, PCB DESIGN",Web Development
21A91A04I1,78,"AWS, IOT, PCB DESIGN",Web Development
21A91A04I2,78,"AWS, IOT, PCB DESIGN",Web Development
21A91A04I3,78,"AWS, IOT, PCB DESIGN",Web Development
21A91A04I4,78,"AWS, IOT, PCB DESIGN",Web Development
21A91A04I6,78,"AWS, IOT, PCB DESIGN",Web Development
21A91A04I8,78,"AWS, IOT, PCB DESIGN",Web Development
21A91A04J0,78,"AWS, IOT, PCB DESIGN",Web Development
21A91A04J2,78,"AWS, IOT, PCB DESIGN",Web Development
21A91A04J6,78,"AWS, IOT, PCB DESIGN",Web Development
21A91A04J8,78,"AWS, IOT, PCB DESIGN",Web Development
21A91A04K0,78,"AWS, IOT, PCB DESIGN",Web Development
21A91A04K2,78,"AWS, IOT, PCB DESIGN",Web Development
21A91A04K3,78,"AWS, IOT, PCB DESIGN",Web Development
21A91A04K7,78,"AWS, IOT, PCB DESIGN",Web Development
21A91A04K8,78,"AWS, IOT, PCB DESIGN",Web Development
21A91A04L3,78,"AWS, IOT, PCB DESIGN",Web Development
21A91A04L4,78,"AWS, IOT, PCB DESIGN",Web Development
21A91A04L5,78,"AWS, IOT, PCB DESIGN",Web Development
21A91A04M2,78,"AWS, IOT, PCB DESIGN",Web Development
21A91A04M4,78,"AWS, IOT, PCB DESIGN",Web Development
21A91A04M5,78,"AWS, IOT, PCB DESIGN",Web Development
21A91A04M7,78,"AWS, IOT, PCB DESIGN",Web Development
21A91A04M8,78,"AWS, IOT, PCB DESIGN",Web Development
21A91A04N0,78,"AWS, IOT, PCB DESIGN",Web Development
21A91A04N2,78,"AWS, IOT, PCB DESIGN",Web Development
21A91A04N3,78,"AWS, IOT, PCB DESIGN",Web Development
21A91A04N5,78,"AWS, IOT, PCB DESIGN",Web Development
21A91A04N7,78,"AWS, IOT, PCB DESIGN",Web Development
21A91A04N8,78,"AWS, IOT, PCB DESIGN",Web Development
21A91A04N9,78,"AWS, IOT, PCB DESIGN",Web Development
21A91A04O3,78,"AWS, IOT, PCB DESIGN",Web Development
21A91A04O6,78,"AWS, IOT, PCB DESIGN",Web Development
21A91A04O7,78,"AWS, IOT, PCB DESIGN",Web Development
21A91A04P0,78,"AWS, IOT, PCB DESIGN",Web Development
21A91A04P1,78,"AWS, IOT, PCB DESIGN",Web Development
21A91A04P5,78,"AWS, IOT, PCB DESIGN",Web Development
21A91A04P6,78,"AWS, IOT, PCB DESIGN",Web Development
21A91A04P9,78,"AWS, IOT, PCB DESIGN",Web Development
21A91A04Q3,78,"AWS, IOT, PCB DESIGN",Web Development
21A91A04Q5,78,"AWS, IOT, PCB DESIGN",Web Development
22A95A0401,78,"AWS, IOT, PCB DESIGN",Web Development
22A95A0403,78,"AWS, IOT, PCB DESIGN",Web Development
22A95A0404,78,"AWS, IOT, PCB DESIGN",Web Development
22A95A0405,78,"AWS, IOT, PCB DESIGN",Web Development
22A95A0406,78,"AWS, IOT, PCB DESIGN",Web Development
22A95A0407,78,"AWS, IOT, PCB DESIGN",Web Development
22A95A0410,78,"AWS, IOT, PCB DESIGN",Web Development
22A95A0412,78,"AWS, IOT, PCB DESIGN",Web Development
22A95A0413,78,"AWS, IOT, PCB DESIGN",Web Development
22A95A0415,78,"AWS, IOT, PCB DESIGN",Web Development
22A95A0416,78,"AWS, IOT, PCB DESIGN",Web Development
22A95A0417,78,"AWS, IOT, PCB DESIGN",Web Development
22A95A0418,78,"AWS, IOT, PCB DESIGN",Web Development
22A95A0420,78,"AWS, IOT, PCB DESIGN",Web Development
22A95A0421,78,"AWS, IOT, PCB DESIGN",Web Development
21A91A0101,78,"AWS, IOT, PCB DESIGN",Web Development
21A91A0104,78,"AWS, IOT, PCB DESIGN",Web Development
21A91A0107,78,"AWS, IOT, PCB DESIGN",Web Development
21A91A0109,78,"AWS, IOT, PCB DESIGN",Web Development
21A91A0111,78,"AWS, IOT, PCB DESIGN",Web Development
21A91A0120,78,"AWS, IOT, PCB DESIGN",Web Development
21A91A0122,78,"AWS, IOT, PCB DESIGN",Web Development
21A91A0123,78,"AWS, IOT, PCB DESIGN",Web Development
21A91A0125,78,"AWS, IOT, PCB DESIGN",Web Development
21A91A0127,78,"AWS, IOT, PCB DESIGN",Web Development
21A91A0128,78,"AWS, IOT, PCB DESIGN",Web Development
21A91A0132,78,"AWS, IOT, PCB DESIGN",Web Development
21A91A0135,78,"AWS, IOT, PCB DESIGN",Web Development
21A91A0136,78,"AWS, IOT, PCB DESIGN",Web Development
21A91A0138,78,"AWS, IOT, PCB DESIGN",Web Development
21A91A0139,78,"AWS, IOT, PCB DESIGN",Web Development
21A91A0140,78,"AWS, IOT, PCB DESIGN",Web Development
21A91A0141,78,"AWS, IOT, PCB DESIGN",Web Development
21A91A0142,78,"AWS, IOT, PCB DESIGN",Web Development
21A91A0143,78,"AWS, IOT, PCB DESIGN",Web Development
21A91A0144,78,"AWS, IOT, PCB DESIGN",Web Development
21A91A0149,78,"AWS, IOT, PCB DESIGN",Web Development
21A91A0150,78,"AWS, IOT, PCB DESIGN",Web Development
21A91A0153,78,"AWS, IOT, PCB DESIGN",Web Development
21A91A0156,78,"AWS, IOT, PCB DESIGN",Web Development
21A91A0157,78,"AWS, IOT, PCB DESIGN",Web Development
21A91A0162,78,"AWS, IOT, PCB DESIGN",Web Development
21A91A0163,78,"AWS, IOT, PCB DESIGN",Web Development
21A91A0164,78,"AWS, IOT, PCB DESIGN",Web Development
21A91A0168,78,"AWS, IOT, PCB DESIGN",Graphic Design
21A91A0169,78,"AWS, IOT, PCB DESIGN",Graphic Design
21A91A0170,78,"AWS, IOT, PCB DESIGN",Graphic Design
21A91A0172,78,"AWS, IOT, PCB DESIGN",Graphic Design
21A91A0174,78,"AWS, IOT, PCB DESIGN",Graphic Design
21A91A0177,78,"AWS, IOT, PCB DESIGN",Graphic Design
21A91A0186,78,"AWS, IOT, PCB DESIGN",Graphic Design
21A91A0187,78,"AWS, IOT, PCB DESIGN",Graphic Design
21A91A0188,78,"AWS, IOT, PCB DESIGN",Graphic Design
21A91A0189,78,"AWS, IOT, PCB DESIGN",Graphic Design
21A91A0194,78,"AWS, IOT, PCB DESIGN",Graphic Design
21A91A0196,78,"AWS, IOT, PCB DESIGN",Graphic Design
21A91A0197,78,"AWS, IOT, PCB DESIGN",Graphic Design
21A91A0198,78,"AWS, IOT, PCB DESIGN",Graphic Design
21A91A0199,78,"AWS, IOT, PCB DESIGN",Graphic Design
22A95A0101,78,"AWS, IOT, PCB DESIGN",Graphic Design
22A95A0102,78,"AWS, IOT, PCB DESIGN",Graphic Design
22A95A0103,78,"AWS, IOT, PCB DESIGN",Graphic Design
22A95A0107,78,"AWS, IOT, PCB DESIGN",Graphic Design
22A95A0108,78,"AWS, IOT, PCB DESIGN",Graphic Design
22A95A0109,78,"AWS, IOT, PCB DESIGN",Graphic Design
22A95A0110,78,"AWS, IOT, PCB DESIGN",Graphic Design
22A95A0114,78,"AWS, IOT, PCB DESIGN",Graphic Design
22A95A0116,78,"AWS, IOT, PCB DESIGN",Graphic Design
22A95A0117,78,"AWS, IOT, PCB DESIGN",Graphic Design
22A95A0119,78,"AWS, IOT, PCB DESIGN",Graphic Design
22A95A0122,78,"AWS, IOT, PCB DESIGN",Graphic Design
22A95A0124,78,"AWS, IOT, PCB DESIGN",Graphic Design
22A95A0125,78,"AWS, IOT, PCB DESIGN",Graphic Design
22A95A0127,78,"AWS, IOT, PCB DESIGN",Graphic Design
22A95A0128,78,"AWS, IOT, PCB DESIGN",Graphic Design
21A91A0306,78,"AWS, IOT, PCB DESIGN",Graphic Design
21A91A0308,78,"AWS, IOT, PCB DESIGN",Graphic Design
21A91A0313,78,"AWS, IOT, PCB DESIGN",Graphic Design
21A91A0331,78,"AWS, IOT, PCB DESIGN",Graphic Design
21A91A0332,78,"AWS, IOT, PCB DESIGN",Graphic Design
21A91A0335,78,"AWS, IOT, PCB DESIGN",Graphic Design
21A91A0338,78,"AWS, IOT, PCB DESIGN",Graphic Design
21A91A0346,78,"AWS, IOT, PCB DESIGN",Graphic Design
21A91A0347,78,"AWS, IOT, PCB DESIGN",Graphic Design
21A91A0354,78,"AWS, IOT, PCB DESIGN",Graphic Design
21A91A0356,78,"AWS, IOT, PCB DESIGN",Graphic Design
21A91A0357,78,"AWS, IOT, PCB DESIGN",Graphic Design
21A91A0358,78,"AWS, IOT, PCB DESIGN",Graphic Design
21A91A0361,78,"AWS, IOT, PCB DESIGN",Graphic Design
21A91A0367,78,"AWS, IOT, PCB DESIGN",Graphic Design
21A91A0368,78,"AWS, IOT, PCB DESIGN",Graphic Design
21A91A0370,78,"AWS, IOT, PCB DESIGN",Graphic Design
21A91A0375,78,"AWS, IOT, PCB DESIGN",Graphic Design
21A91A0377,78,"AWS, IOT, PCB DESIGN",Graphic Design
21A91A0379,78,"AWS, IOT, PCB DESIGN",Graphic Design
21A91A0394,78,"AWS, IOT, PCB DESIGN",Graphic Design
21A91A0396,78,"AWS, IOT, PCB DESIGN",Graphic Design
21A91A0398,78,"AWS, IOT, PCB DESIGN",Graphic Design
21A91A0399,78,"AWS, IOT, PCB DESIGN",Graphic Design
21A91A03A1,78,"AWS, IOT, PCB DESIGN",Graphic Design
21A91A03A3,78,"AWS, IOT, PCB DESIGN",Graphic Design
21A91A03A4,78,"AWS, IOT, PCB DESIGN",Graphic Design
21A91A03A6,78,"AWS, IOT, PCB DESIGN",Graphic Design
21A91A03B0,78,"AWS, IOT, PCB DESIGN",Graphic Design
22A95A0301,78,"AWS, IOT, PCB DESIGN",Graphic Design
22A95A0302,78,"AWS, IOT, PCB DESIGN",Graphic Design
22A95A0303,78,"AWS, IOT, PCB DESIGN",Graphic Design
22A95A0304,78,"AWS, IOT, PCB DESIGN",Graphic Design
22A95A0307,78,"AWS, IOT, PCB DESIGN",Graphic Design
22A95A0308,78,"AWS, IOT, PCB DESIGN",Graphic Design
22A95A0309,78,"AWS, IOT, PCB DESIGN",Graphic Design
22A95A0310,78,"AWS, IOT, PCB DESIGN",Graphic Design
22A95A0313,78,"AWS, IOT, PCB DESIGN",Graphic Design
22A95A0314,78,"AWS, IOT, PCB DESIGN",Graphic Design
22A95A0316,78,"AWS, IOT, PCB DESIGN",Graphic Design
22A95A0318,78,"AWS, IOT, PCB DESIGN",Graphic Design
22A95A0319,78,"AWS, IOT, PCB DESIGN",Graphic Design
22A95A0320,78,"AWS, IOT, PCB DESIGN",Graphic Design
22A95A0322,78,"AWS, IOT, PCB DESIGN",Graphic Design
22A95A0325,78,"AWS, IOT, PCB DESIGN",Graphic Design
22A95A0326,78,"AWS, IOT, PCB DESIGN",Graphic Design
22A95A0329,78,"AWS, IOT, PCB DESIGN",Graphic Design
22A95A0330,78,"AWS, IOT, PCB DESIGN",Graphic Design
22A95A0333,78,"AWS, IOT, PCB DESIGN",Graphic Design
22A95A0334,78,"AWS, IOT, PCB DESIGN",Graphic Design
20A91A0219,78,"AWS, IOT, PCB DESIGN",Graphic Design
21A91A0202,78,"AWS, IOT, PCB DESIGN",Graphic Design
21A91A0203,78,"AWS, IOT, PCB DESIGN",Graphic Design
21A91A0204,78,"AWS, IOT, PCB DESIGN",Graphic Design
21A91A0209,78,"AWS, IOT, PCB DESIGN",Graphic Design
21A91A0210,78,"AWS, IOT, PCB DESIGN",Graphic Design
21A91A0218,78,"AWS, IOT, PCB DESIGN",Graphic Design
21A91A0219,78,"AWS, IOT, PCB DESIGN",Graphic Design
21A91A0221,78,"AWS, IOT, PCB DESIGN",Graphic Design
21A91A0225,78,"AWS, IOT, PCB DESIGN",Graphic Design
21A91A0227,78,"AWS, IOT, PCB DESIGN",Graphic Design
21A91A0228,78,"AWS, IOT, PCB DESIGN",Graphic Design
21A91A0231,78,"AWS, IOT, PCB DESIGN",Graphic Design
21A91A0232,78,"AWS, IOT, PCB DESIGN",Graphic Design
21A91A0238,78,"AWS, IOT, PCB DESIGN",Graphic Design
21A91A0239,78,"AWS, IOT, PCB DESIGN",Graphic Design
21A91A0240,78,"AWS, IOT, PCB DESIGN",Graphic Design
21A91A0244,78,"AWS, IOT, PCB DESIGN",Graphic Design
21A91A0246,78,"AWS, IOT, PCB DESIGN",Graphic Design
21A91A0247,78,"AWS, IOT, PCB DESIGN",Graphic Design
21A91A0249,78,"AWS, IOT, PCB DESIGN",Graphic Design
21A91A0252,78,"AWS, IOT, PCB DESIGN",Graphic Design
21A91A0254,78,"AWS, IOT, PCB DESIGN",Graphic Design
21A91A0256,78,"AWS, IOT, PCB DESIGN",Graphic Design
21A91A0258,78,"AWS, IOT, PCB DESIGN",Graphic Design
21A91A0261,78,"AWS, IOT, PCB DESIGN",Graphic Design
21A91A0263,78,"AWS, IOT, PCB DESIGN",Graphic Design
21A91A0266,78,"AWS, IOT, PCB DESIGN",Graphic Design
21A91A0269,78,"AWS, IOT, PCB DESIGN",Graphic Design
21A91A0270,78,"AWS, IOT, PCB DESIGN",Graphic Design
21A91A0279,78,"AWS, IOT, PCB DESIGN",Graphic Design
21A91A0280,78,"AWS, IOT, PCB DESIGN",Graphic Design
21A91A0287,78,"AWS, IOT, PCB DESIGN",Graphic Design
21A91A0288,78,"AWS, IOT, PCB DESIGN",Graphic Design
21A91A0293,78,"AWS, IOT, PCB DESIGN",Graphic Design
21A91A0295,78,"AWS, IOT, PCB DESIGN",Graphic Design
21A91A0296,78,"AWS, IOT, PCB DESIGN",Graphic Design
21A91A0299,78,"AWS, IOT, PCB DESIGN",Graphic Design
21A91A02A2,78,"AWS, IOT, PCB DESIGN",Graphic Design
21A91A02A5,78,"AWS, IOT, PCB DESIGN",Graphic Design
21A91A02A8,78,"AWS, IOT, PCB DESIGN",Graphic Design
21A91A02A9,78,"AWS, IOT, PCB DESIGN",Graphic Design
22A95A0202,78,"AWS, IOT, PCB DESIGN",Graphic Design
22A95A0203,78,"AWS, IOT, PCB DESIGN",Graphic Design
22A95A0204,78,"AWS, IOT, PCB DESIGN",Graphic Design
22A95A0205,78,"AWS, IOT, PCB DESIGN",Graphic Design
22A95A0207,78,"AWS, IOT, PCB DESIGN",Graphic Design
22A95A0208,78,"AWS, IOT, PCB DESIGN",Graphic Design
22A95A0209,78,"AWS, IOT, PCB DESIGN",Graphic Design
22A95A0210,78,"AWS, IOT, PCB DESIGN",Graphic Design
22A95A0212,78,"AWS, IOT, PCB DESIGN",Graphic Design
22A95A0216,78,"AWS, IOT, PCB DESIGN",Graphic Design
22A95A0218,78,"AWS, IOT, PCB DESIGN",Graphic Design
22A95A0221,78,"AWS, IOT, PCB DESIGN",Graphic Design
22A95A0222,78,"AWS, IOT, PCB DESIGN",Graphic Design
22A95A0224,78,"AWS, IOT, PCB DESIGN",Graphic Design
22A95A0226,78,"AWS, IOT, PCB DESIGN",Graphic Design
22A95A0228,78,"AWS, IOT, PCB DESIGN",Graphic Design
22A95A0230,78,"AWS, IOT, PCB DESIGN",Graphic Design
22A95A0232,78,"AWS, IOT, PCB DESIGN",Graphic Design
21A91A1202,78,"AWS, IOT, PCB DESIGN",Graphic Design
21A91A1203,78,"AWS, IOT, PCB DESIGN",Graphic Design
21A91A1204,78,"AWS, IOT, PCB DESIGN",Graphic Design
21A91A1206,78,"AWS, IOT, PCB DESIGN",Graphic Design
21A91A1209,78,"AWS, IOT, PCB DESIGN",Graphic Design
21A91A1211,78,"AWS, IOT, PCB DESIGN",Graphic Design
21A91A1212,78,"AWS, IOT, PCB DESIGN",Graphic Design
21A91A1217,78,"AWS, IOT, PCB DESIGN",Graphic Design
21A91A1218,78,"AWS, IOT, PCB DESIGN",Graphic Design
21A91A1219,78,"AWS, IOT, PCB DESIGN",Graphic Design
21A91A1220,78,"AWS, IOT, PCB DESIGN",Graphic Design
21A91A1221,78,"AWS, IOT, PCB DESIGN",Graphic Design
21A91A1222,78,"AWS, IOT, PCB DESIGN",Graphic Design
21A91A1226,78,"AWS, IOT, PCB DESIGN",Graphic Design
21A91A1227,78,"AWS, IOT, PCB DESIGN",Graphic Design
21A91A1230,78,"AWS, IOT, PCB DESIGN",Graphic Design
21A91A1231,78,"AWS, IOT, PCB DESIGN",Graphic Design
21A91A1232,78,"AWS, IOT, PCB DESIGN",Graphic Design
21A91A1233,78,"AWS, IOT, PCB DESIGN",Graphic Design
21A91A1236,78,"AWS, IOT, PCB DESIGN",Graphic Design
21A91A1238,78,"AWS, IOT, PCB DESIGN",Graphic Design
21A91A1241,78,"AWS, IOT, PCB DESIGN",Graphic Design
21A91A1243,78,"AWS, IOT, PCB DESIGN",Graphic Design
21A91A1244,78,"AWS, IOT, PCB DESIGN",Graphic Design
21A91A1247,78,"AWS, IOT, PCB DESIGN",Graphic Design
21A91A1248,78,"AWS, IOT, PCB DESIGN",Graphic Design
21A91A1250,78,"AWS, IOT, PCB DESIGN",Graphic Design
21A91A1251,78,"AWS, IOT, PCB DESIGN",Graphic Design
21A91A1253,78,"AWS, IOT, PCB DESIGN",Graphic Design
21A91A1254,78,"AWS, IOT, PCB DESIGN",Graphic Design
21A91A1256,78,"AWS, IOT, PCB DESIGN",Graphic Design
21A91A1258,78,"AWS, IOT, PCB DESIGN",Graphic Design
21A91A1259,78,"AWS, IOT, PCB DESIGN",Graphic Design
21A91A1262,78,"AWS, IOT, PCB DESIGN",Graphic Design
21A91A1263,78,"AWS, IOT, PCB DESIGN",Graphic Design
21A91A1264,78,"AWS, IOT, PCB DESIGN",Graphic Design
21A91A1265,78,"AWS, IOT, PCB DESIGN",Graphic Design
21A91A1266,78,"AWS, IOT, PCB DESIGN",Graphic Design
22A95A1201,78,"AWS, IOT, PCB DESIGN",Graphic Design
22A95A1202,78,"AWS, IOT, PCB DESIGN",Graphic Design
22A95A1204,78,"AWS, IOT, PCB DESIGN",Graphic Design
22A95A1205,78,"AWS, IOT, PCB DESIGN",Graphic Design
21A91A2706,78,"AWS, IOT, PCB DESIGN",Graphic Design
22A95A2701,78,"AWS, IOT, PCB DESIGN",Graphic Design
22A95A2702,78,"AWS, IOT, PCB DESIGN",Graphic Design
22A95A2704,78,"AWS, IOT, PCB DESIGN",Graphic Design
22A95A2711,78,"AWS, IOT, PCB DESIGN",Graphic Design
21A91A3503,78,"AWS, IOT, PCB DESIGN",Graphic Design
21A91A3504,78,"AWS, IOT, PCB DESIGN",Graphic Design
21A91A3508,78,"AWS, IOT, PCB DESIGN",Graphic Design
21A91A3513,78,"AWS, IOT, PCB DESIGN",Graphic Design
21A91A3515,78,"AWS, IOT, PCB DESIGN",Graphic Design
21A91A3516,78,"AWS, IOT, PCB DESIGN",Graphic Design
21A91A3517,78,"AWS, IOT, PCB DESIGN",Graphic Design
21A91A3519,78,"AWS, IOT, PCB DESIGN",Graphic Design
21A91A3522,78,"AWS, IOT, PCB DESIGN",Graphic Design
21A91A3523,78,"AWS, IOT, PCB DESIGN",Graphic Design
21A91A3527,78,"AWS, IOT, PCB DESIGN",Graphic Design
21A91A3531,78,"AWS, IOT, PCB DESIGN",Graphic Design
21A91A3532,78,"AWS, IOT, PCB DESIGN",Graphic Design
21A91A3534,78,"AWS, IOT, PCB DESIGN",Graphic Design
21A91A3535,78,"AWS, IOT, PCB DESIGN",Graphic Design
21A91A3538,78,"AWS, IOT, PCB DESIGN",Graphic Design
21A91A3540,78,"AWS, IOT, PCB DESIGN",Graphic Design
21A91A3541,78,"AWS, IOT, PCB DESIGN",Graphic Design
21A91A3544,78,"AWS, IOT, PCB DESIGN",Graphic Design
22A95A3502,78,"AWS, IOT, PCB DESIGN",Graphic Design
22A95A3504,78,"AWS, IOT, PCB DESIGN",Graphic Design
22A95A3505,78,"AWS, IOT, PCB DESIGN",Graphic Design
22A95A3506,78,"AWS, IOT, PCB DESIGN",Graphic Design
22A95A3507,78,"AWS, IOT, PCB DESIGN",Graphic Design
22A95A3510,78,"AWS, IOT, PCB DESIGN",Graphic Design
22A95A3511,78,"AWS, IOT, PCB DESIGN",Graphic Design
22A95A3513,78,"AWS, IOT, PCB DESIGN",Graphic Design
21A91A2606,78,"AWS, IOT, PCB DESIGN",Graphic Design
21A91A2607,78,"AWS, IOT, PCB DESIGN",Graphic Design
22A95A2601,78,"AWS, IOT, PCB DESIGN",Graphic Design
22A95A2602,78,"AWS, IOT, PCB DESIGN",Graphic Design
22A95A2605,78,"AWS, IOT, PCB DESIGN",Graphic Design
22A95A2610,78,"AWS, IOT, PCB DESIGN",Graphic Design
22A95A2612,78,"AWS, IOT, PCB DESIGN",Graphic Design
22A95A2613,78,"AWS, IOT, PCB DESIGN",Graphic Design
22A95A2614,78,"AWS, IOT, PCB DESIGN",Graphic Design
22A95A2615,78,"AWS, IOT, PCB DESIGN",Graphic Design
22A95A2616,78,"AWS, IOT, PCB DESIGN",Graphic Design
22A95A2617,78,"AWS, IOT, PCB DESIGN",Graphic Design
22A95A2618,78,"AWS, IOT, PCB DESIGN",Graphic Design
22A95A2624,78,"AWS, IOT, PCB DESIGN",Graphic Design
21A91A6102,78,"AWS, IOT, PCB DESIGN",Graphic Design
21A91A6105,78,"AWS, IOT, PCB DESIGN",Graphic Design
21A91A6106,78,"AWS, IOT, PCB DESIGN",Graphic Design
21A91A6107,78,"AWS, IOT, PCB DESIGN",Graphic Design
21A91A6109,78,"AWS, IOT, PCB DESIGN",Graphic Design
21A91A6110,78,"AWS, IOT, PCB DESIGN",Graphic Design
21A91A6111,78,"AWS, IOT, PCB DESIGN",Graphic Design
21A91A6114,78,"AWS, IOT, PCB DESIGN",Graphic Design
21A91A6116,78,"AWS, IOT, PCB DESIGN",Graphic Design
21A91A6117,78,"AWS, IOT, PCB DESIGN",Graphic Design
21A91A6118,78,"AWS, IOT, PCB DESIGN",Graphic Design
21A91A6121,78,"AWS, IOT, PCB DESIGN",Graphic Design
21A91A6122,78,"AWS, IOT, PCB DESIGN",Graphic Design
21A91A6125,78,"AWS, IOT, PCB DESIGN",Graphic Design
21A91A6131,78,"AWS, IOT, PCB DESIGN",Graphic Design
21A91A6132,78,"AWS, IOT, PCB DESIGN",Graphic Design
21A91A6133,78,"AWS, IOT, PCB DESIGN",Graphic Design
21A91A6134,78,"AWS, IOT, PCB DESIGN",Graphic Design
21A91A6135,78,"AWS, IOT, PCB DESIGN",Graphic Design
21A91A6142,78,"AWS, IOT, PCB DESIGN",Graphic Design
21A91A6143,78,"AWS, IOT, PCB DESIGN",Graphic Design
21A91A6146,78,"AWS, IOT, PCB DESIGN",Graphic Design
21A91A6148,78,"AWS, IOT, PCB DESIGN",Graphic Design
21A91A6149,78,"AWS, IOT, PCB DESIGN",Graphic Design
21A91A6150,78,"AWS, IOT, PCB DESIGN",Graphic Design
21A91A6151,78,"AWS, IOT, PCB DESIGN",Graphic Design
21A91A6152,78,"AWS, IOT, PCB DESIGN",Graphic Design
21A91A6153,78,"AWS, IOT, PCB DESIGN",Graphic Design
21A91A6154,78,"AWS, IOT, PCB DESIGN",Graphic Design
21A91A6157,78,"AWS, IOT, PCB DESIGN",Graphic Design
21A91A6158,78,"AWS, IOT, PCB DESIGN",Graphic Design
21A91A6161,78,"AWS, IOT, PCB DESIGN",Graphic Design
21A91A6163,78,"AWS, IOT, PCB DESIGN",Graphic Design
21A91A6164,78,"AWS, IOT, PCB DESIGN",Graphic Design
21A91A6165,78,"AWS, IOT, PCB DESIGN",Graphic Design
21A91A6167,78,"AWS, IOT, PCB DESIGN",Graphic Design
22A95A6101,78,"AWS, IOT, PCB DESIGN",Graphic Design
22A95A6102,78,"AWS, IOT, PCB DESIGN",Graphic Design
22A95A6103,78,"AWS, IOT, PCB DESIGN",Graphic Design
22A95A6104,78,"AWS, IOT, PCB DESIGN",Graphic Design
21FF1A0510,78,"AWS, IOT, PCB DESIGN",Graphic Design
21P31A0501,78,"AWS, IOT, PCB DESIGN",Graphic Design
21P31A0503,78,"AWS, IOT, PCB DESIGN",Graphic Design
21P31A0504,78,"AWS, IOT, PCB DESIGN",Graphic Design
21P31A0505,78,"AWS, IOT, PCB DESIGN",Graphic Design
21P31A0506,78,"AWS, IOT, PCB DESIGN",Graphic Design
21P31A0507,78,"AWS, IOT, PCB DESIGN",Graphic Design
21P31A0509,78,"AWS, IOT, PCB DESIGN",Artificial Intelligence
21P31A0511,78,"AWS, IOT, PCB DESIGN",Artificial Intelligence
21P31A0512,78,"AWS, IOT, PCB DESIGN",Artificial Intelligence
21P31A0513,78,"AWS, IOT, PCB DESIGN",Artificial Intelligence
21P31A0514,78,"AWS, IOT, PCB DESIGN",Artificial Intelligence
21P31A0515,78,"AWS, IOT, PCB DESIGN",Artificial Intelligence
21P31A0518,78,"AWS, IOT, PCB DESIGN",Artificial Intelligence
21P31A0519,78,"AWS, IOT, PCB DESIGN",Artificial Intelligence
21P31A0522,78,"AWS, IOT, PCB DESIGN",Artificial Intelligence
21P31A0523,78,"AWS, IOT, PCB DESIGN",Artificial Intelligence
21P31A0524,78,"AWS, IOT, PCB DESIGN",Artificial Intelligence
21P31A0529,78,"AWS, IOT, PCB DESIGN",Artificial Intelligence
21P31A0530,78,"AWS, IOT, PCB DESIGN",Artificial Intelligence
21P31A0531,78,"AWS, IOT, PCB DESIGN",Artificial Intelligence
21P31A0532,78,"AWS, IOT, PCB DESIGN",Artificial Intelligence
21P31A0533,78,"AWS, IOT, PCB DESIGN",Artificial Intelligence
21P31A0534,78,"AWS, IOT, PCB DESIGN",Artificial Intelligence
21P31A0535,78,"AWS, IOT, PCB DESIGN",Artificial Intelligence
21P31A0536,78,"AWS, IOT, PCB DESIGN",Artificial Intelligence
21P31A0540,78,"AWS, IOT, PCB DESIGN",Artificial Intelligence
21P31A0544,78,"AWS, IOT, PCB DESIGN",Artificial Intelligence
21P31A0545,78,"AWS, IOT, PCB DESIGN",Artificial Intelligence
21P31A0546,78,"AWS, IOT, PCB DESIGN",Artificial Intelligence
21P31A0548,78,"AWS, IOT, PCB DESIGN",Artificial Intelligence
21P31A0553,78,"AWS, IOT, PCB DESIGN",Artificial Intelligence
21P31A0558,78,"AWS, IOT, PCB DESIGN",Artificial Intelligence
21P31A0567,78,"AWS, IOT, PCB DESIGN",Artificial Intelligence
21P31A0568,78,"AWS, IOT, PCB DESIGN",Artificial Intelligence
21P31A0570,78,"AWS, IOT, PCB DESIGN",Artificial Intelligence
21P31A0571,78,"AWS, IOT, PCB DESIGN",Artificial Intelligence
21P31A0574,78,"AWS, IOT, PCB DESIGN",Artificial Intelligence
21P31A0575,78,"AWS, IOT, PCB DESIGN",Artificial Intelligence
21P31A0581,78,"AWS, IOT, PCB DESIGN",Artificial Intelligence
21P31A0586,78,"AWS, IOT, PCB DESIGN",Artificial Intelligence
21P31A0587,78,"AWS, IOT, PCB DESIGN",Artificial Intelligence
21P31A0589,78,"AWS, IOT, PCB DESIGN",Artificial Intelligence
21P31A0590,78,"AWS, IOT, PCB DESIGN",Artificial Intelligence
21P31A0591,78,"AWS, IOT, PCB DESIGN",Artificial Intelligence
21P31A0593,78,"AWS, IOT, PCB DESIGN",Artificial Intelligence
21P31A0594,78,"AWS, IOT, PCB DESIGN",Artificial Intelligence
21P31A0597,78,"AWS, IOT, PCB DESIGN",Artificial Intelligence
21P31A05A2,78,"AWS, IOT, PCB DESIGN",Artificial Intelligence
21P31A05A6,78,"AWS, IOT, PCB DESIGN",Artificial Intelligence
21P31A05A7,78,"AWS, IOT, PCB DESIGN",Artificial Intelligence
21P31A05A9,78,"AWS, IOT, PCB DESIGN",Artificial Intelligence
21P31A05B0,78,"AWS, IOT, PCB DESIGN",Artificial Intelligence
21P31A05B4,78,"AWS, IOT, PCB DESIGN",Artificial Intelligence
21P31A05B8,78,"AWS, IOT, PCB DESIGN",Artificial Intelligence
21P31A05C5,78,"AWS, IOT, PCB DESIGN",Artificial Intelligence
21P31A05C8,78,"AWS, IOT, PCB DESIGN",Artificial Intelligence
21P31A05D0,78,"AWS, IOT, PCB DESIGN",Artificial Intelligence
21P31A05D1,78,"AWS, IOT, PCB DESIGN",Artificial Intelligence
21P31A05D2,78,"AWS, IOT, PCB DESIGN",Artificial Intelligence
21P31A05D5,78,"AWS, IOT, PCB DESIGN",Artificial Intelligence
22P35A0501,78,"AWS, IOT, PCB DESIGN",Artificial Intelligence
22P35A0503,78,"AWS, IOT, PCB DESIGN",Artificial Intelligence
22P35A0504,78,"AWS, IOT, PCB DESIGN",Artificial Intelligence
22P35A0505,78,"AWS, IOT, PCB DESIGN",Artificial Intelligence
22P35A0506,78,"AWS, IOT, PCB DESIGN",Artificial Intelligence
22P35A0509,78,"AWS, IOT, PCB DESIGN",Artificial Intelligence
22P35A0510,78,"AWS, IOT, PCB DESIGN",Artificial Intelligence
22P35A0511,78,"AWS, IOT, PCB DESIGN",Artificial Intelligence
22P35A0512,78,"AWS, IOT, PCB DESIGN",Artificial Intelligence
21NN1A0480,78,"AWS, IOT, PCB DESIGN",Artificial Intelligence
21P31A0412,78,"AWS, IOT, PCB DESIGN",Artificial Intelligence
21P31A0415,78,"AWS, IOT, PCB DESIGN",Artificial Intelligence
21P31A0416,78,"AWS, IOT, PCB DESIGN",Artificial Intelligence
21P31A0421,78,"AWS, IOT, PCB DESIGN",Artificial Intelligence
21P31A0424,78,"AWS, IOT, PCB DESIGN",Artificial Intelligence
21P31A0428,78,"AWS, IOT, PCB DESIGN",Artificial Intelligence
21P31A0429,78,"AWS, IOT, PCB DESIGN",Artificial Intelligence
21P31A0430,78,"AWS, IOT, PCB DESIGN",Artificial Intelligence
21P31A0431,78,"AWS, IOT, PCB DESIGN",Artificial Intelligence
21P31A0432,78,"AWS, IOT, PCB DESIGN",Artificial Intelligence
21P31A0434,78,"AWS, IOT, PCB DESIGN",Artificial Intelligence
21P31A0436,78,"AWS, IOT, PCB DESIGN",Artificial Intelligence
21P31A0437,78,"AWS, IOT, PCB DESIGN",Artificial Intelligence
21P31A0443,78,"AWS, IOT, PCB DESIGN",Artificial Intelligence
21P31A0444,78,"AWS, IOT, PCB DESIGN",Artificial Intelligence
21P31A0448,78,"AWS, IOT, PCB DESIGN",Artificial Intelligence
21P31A0449,78,"AWS, IOT, PCB DESIGN",Artificial Intelligence
21P31A0452,78,"AWS, IOT, PCB DESIGN",Artificial Intelligence
21P31A0455,78,"AWS, IOT, PCB DESIGN",Artificial Intelligence
21P31A0457,78,"AWS, IOT, PCB DESIGN",Artificial Intelligence
21P31A0459,78,"AWS, IOT, PCB DESIGN",Artificial Intelligence
21P31A0466,78,"AWS, IOT, PCB DESIGN",Artificial Intelligence
21P31A0469,78,"AWS, IOT, PCB DESIGN",Artificial Intelligence
21P31A0470,78,"AWS, IOT, PCB DESIGN",Artificial Intelligence
21P31A0472,78,"AWS, IOT, PCB DESIGN",Artificial Intelligence
21P31A0473,78,"AWS, IOT, PCB DESIGN",Artificial Intelligence
21P31A0476,78,"AWS, IOT, PCB DESIGN",Artificial Intelligence
21P31A0479,78,"AWS, IOT, PCB DESIGN",Artificial Intelligence
21P31A0481,78,"AWS, IOT, PCB DESIGN",Artificial Intelligence
21P31A0485,78,"AWS, IOT, PCB DESIGN",Artificial Intelligence
21P31A0487,78,"AWS, IOT, PCB DESIGN",Artificial Intelligence
21P31A0489,78,"AWS, IOT, PCB DESIGN",Artificial Intelligence
21P31A0490,78,"AWS, IOT, PCB DESIGN",Artificial Intelligence
21P31A0491,78,"AWS, IOT, PCB DESIGN",Artificial Intelligence
21P31A0492,78,"AWS, IOT, PCB DESIGN",Artificial Intelligence
21P31A0493,78,"AWS, IOT, PCB DESIGN",Artificial Intelligence
21P31A0496,78,"AWS, IOT, PCB DESIGN",Artificial Intelligence
21P31A0499,78,"AWS, IOT, PCB DESIGN",Artificial Intelligence
21P31A04A0,78,"AWS, IOT, PCB DESIGN",Artificial Intelligence
21P31A04A1,78,"AWS, IOT, PCB DESIGN",Artificial Intelligence
21P31A04A5,78,"AWS, IOT, PCB DESIGN",Artificial Intelligence
21P31A04A7,78,"AWS, IOT, PCB DESIGN",Artificial Intelligence
21P31A04A8,78,"AWS, IOT, PCB DESIGN",Artificial Intelligence
21P31A04A9,78,"AWS, IOT, PCB DESIGN",Artificial Intelligence
21P31A04B0,78,"AWS, IOT, PCB DESIGN",Artificial Intelligence
21P31A04B6,78,"AWS, IOT, PCB DESIGN",Artificial Intelligence
21P31A04B7,78,"AWS, IOT, PCB DESIGN",Artificial Intelligence
21P31A04B9,78,"AWS, IOT, PCB DESIGN",Artificial Intelligence
21P31A04C2,78,"AWS, IOT, PCB DESIGN",Artificial Intelligence
21P31A04C3,78,"AWS, IOT, PCB DESIGN",Artificial Intelligence
21P31A04C4,78,"AWS, IOT, PCB DESIGN",Artificial Intelligence
21P31A04C6,78,"AWS, IOT, PCB DESIGN",Artificial Intelligence
21P31A04D1,78,"AWS, IOT, PCB DESIGN",Artificial Intelligence
21P31A04D2,78,"AWS, IOT, PCB DESIGN",Artificial Intelligence
21P31A04D3,78,"AWS, IOT, PCB DESIGN",Artificial Intelligence
21P31A04D5,78,"AWS, IOT, PCB DESIGN",Artificial Intelligence
21P31A04D6,78,"AWS, IOT, PCB DESIGN",Artificial Intelligence
21P31A04D7,78,"AWS, IOT, PCB DESIGN",Artificial Intelligence
21P31A04D8,78,"AWS, IOT, PCB DESIGN",Artificial Intelligence
21P31A04E3,78,"AWS, IOT, PCB DESIGN",Artificial Intelligence
21P31A04E5,78,"AWS, IOT, PCB DESIGN",Artificial Intelligence
21P31A04E6,78,"AWS, IOT, PCB DESIGN",Artificial Intelligence
21P31A04E8,78,"AWS, IOT, PCB DESIGN",Artificial Intelligence
21P31A04F1,78,"AWS, IOT, PCB DESIGN",Artificial Intelligence
21P31A04F3,78,"AWS, IOT, PCB DESIGN",Artificial Intelligence
21P31A04F4,78,"AWS, IOT, PCB DESIGN",Artificial Intelligence
21P31A04F6,78,"AWS, IOT, PCB DESIGN",Artificial Intelligence
21P31A04F7,78,"AWS, IOT, PCB DESIGN",Artificial Intelligence
21P31A04G0,78,"AWS, IOT, PCB DESIGN",Artificial Intelligence
21P31A04G2,78,"AWS, IOT, PCB DESIGN",Artificial Intelligence
21P31A04G4,78,"AWS, IOT, PCB DESIGN",Artificial Intelligence
21P31A04G5,78,"AWS, IOT, PCB DESIGN",Artificial Intelligence
21P31A04G6,78,"AWS, IOT, PCB DESIGN",Artificial Intelligence
21P31A04G7,78,"AWS, IOT, PCB DESIGN",Artificial Intelligence
21P31A04H2,78,"AWS, IOT, PCB DESIGN",Artificial Intelligence
21P31A04H4,78,"AWS, IOT, PCB DESIGN",Artificial Intelligence
21P31A04H5,78,"AWS, IOT, PCB DESIGN",Artificial Intelligence
21P31A04H7,78,"AWS, IOT, PCB DESIGN",Artificial Intelligence
21P31A04H8,78,"AWS, IOT, PCB DESIGN",Artificial Intelligence
21P31A04I0,78,"AWS, IOT, PCB DESIGN",Artificial Intelligence
21P31A04I2,78,"AWS, IOT, PCB DESIGN",Artificial Intelligence
21P31A04I3,78,"AWS, IOT, PCB DESIGN",Artificial Intelligence
21P31A04I4,78,"AWS, IOT, PCB DESIGN",Artificial Intelligence
21P31A04I6,78,"AWS, IOT, PCB DESIGN",Artificial Intelligence
21P31A04I8,78,"AWS, IOT, PCB DESIGN",Artificial Intelligence
21P31A04I9,78,"AWS, IOT, PCB DESIGN",Artificial Intelligence
21P31A04J4,78,"AWS, IOT, PCB DESIGN",Artificial Intelligence
21P31A04J5,78,"AWS, IOT, PCB DESIGN",Artificial Intelligence
21P31A04J7,78,"AWS, IOT, PCB DESIGN",Artificial Intelligence
21P31A04K0,78,"AWS, IOT, PCB DESIGN",Artificial Intelligence
21P31A04K1,78,"AWS, IOT, PCB DESIGN",Artificial Intelligence
21P31A04K3,78,"AWS, IOT, PCB DESIGN",Artificial Intelligence
21P31A04K4,78,"AWS, IOT, PCB DESIGN",Artificial Intelligence
21P31A04K5,78,"AWS, IOT, PCB DESIGN",Artificial Intelligence
21P31A04K6,78,"AWS, IOT, PCB DESIGN",Artificial Intelligence
21P31A04K7,78,"AWS, IOT, PCB DESIGN",Artificial Intelligence
21P31A04K9,78,"AWS, IOT, PCB DESIGN",Artificial Intelligence
21P31A04L0,78,"AWS, IOT, PCB DESIGN",Artificial Intelligence
21P31A04L1,78,"AWS, IOT, PCB DESIGN",Artificial Intelligence
21P31A04L4,78,"AWS, IOT, PCB DESIGN",Artificial Intelligence
21P31A04L7,78,"AWS, IOT, PCB DESIGN",Artificial Intelligence
21P31A04L9,78,"AWS, IOT, PCB DESIGN",Artificial Intelligence
21P31A04M1,78,"AWS, IOT, PCB DESIGN",Artificial Intelligence
21P31A04M2,78,"AWS, IOT, PCB DESIGN",Artificial Intelligence
21P31A04M5,78,"AWS, IOT, PCB DESIGN",Artificial Intelligence
21P31A04M8,78,"AWS, IOT, PCB DESIGN",Artificial Intelligence
21P31A04N0,78,"AWS, IOT, PCB DESIGN",Artificial Intelligence
21P31A04N2,78,"AWS, IOT, PCB DESIGN",Artificial Intelligence
21P31A04N6,78,"AWS, IOT, PCB DESIGN",Artificial Intelligence
21P31A04N7,78,"AWS, IOT, PCB DESIGN",Artificial Intelligence
21P31A04N8,78,"AWS, IOT, PCB DESIGN",Artificial Intelligence
21P31A04O4,78,"AWS, IOT, PCB DESIGN",Artificial Intelligence
21P31A04O6,78,"AWS, IOT, PCB DESIGN",Artificial Intelligence
21P31A04O7,78,"AWS, IOT, PCB DESIGN",Artificial Intelligence
21P31A04O8,78,"AWS, IOT, PCB DESIGN",Artificial Intelligence
21P31A04P0,78,"AWS, IOT, PCB DESIGN",Artificial Intelligence
21P31A04P2,78,"AWS, IOT, PCB DESIGN",Artificial Intelligence
21P31A04P3,78,"AWS, IOT, PCB DESIGN",Artificial Intelligence
21P31A04P7,78,"AWS, IOT, PCB DESIGN",Artificial Intelligence
21P31A04P8,78,"AWS, IOT, PCB DESIGN",Artificial Intelligence
21P31A04P9,78,"AWS, IOT, PCB DESIGN",Artificial Intelligence
21P31A04Q0,78,"AWS, IOT, PCB DESIGN",Artificial Intelligence
21P31A04Q2,78,"AWS, IOT, PCB DESIGN",Artificial Intelligence
22P35A0401,78,"AWS, IOT, PCB DESIGN",Artificial Intelligence
22P35A0402,78,"AWS, IOT, PCB DESIGN",Artificial Intelligence
22P35A0403,78,"AWS, IOT, PCB DESIGN",Artificial Intelligence
22P35A0404,78,"AWS, IOT, PCB DESIGN",Artificial Intelligence
22P35A0408,78,"AWS, IOT, PCB DESIGN",Artificial Intelligence
22P35A0409,78,"AWS, IOT, PCB DESIGN",Artificial Intelligence
22P35A0410,78,"AWS, IOT, PCB DESIGN",Artificial Intelligence
22P35A0415,78,"AWS, IOT, PCB DESIGN",Artificial Intelligence
22P35A0416,78,"AWS, IOT, PCB DESIGN",Artificial Intelligence
22P35A0417,78,"AWS, IOT, PCB DESIGN",Artificial Intelligence
22P35A0419,78,CSS;JavaScript,Artificial Intelligence
22P35A0420,78,CSS;JavaScript,Artificial Intelligence
22P35A0422,78,CSS;JavaScript,Artificial Intelligence
22P35A0423,78,CSS;JavaScript,Artificial Intelligence
22P35A0424,78,CSS;JavaScript,Artificial Intelligence
21P31A0102,78,CSS;JavaScript,Artificial Intelligence
21P31A0107,78,CSS;JavaScript,Artificial Intelligence
21P31A0112,78,CSS;JavaScript,Artificial Intelligence
21P31A0113,78,CSS;JavaScript,Artificial Intelligence
21P31A0114,78,CSS;JavaScript,Artificial Intelligence
21P31A0115,78,CSS;JavaScript,Artificial Intelligence
22P35A0103,78,CSS;JavaScript,Artificial Intelligence
22P35A0104,78,CSS;JavaScript,Artificial Intelligence
22P35A0105,78,CSS;JavaScript,Artificial Intelligence
22P35A0108,78,CSS;JavaScript,Artificial Intelligence
22P35A0109,78,CSS;JavaScript,Artificial Intelligence
22P35A0110,78,CSS;JavaScript,Artificial Intelligence
22P35A0111,78,CSS;JavaScript,Artificial Intelligence
22P35A0112,78,CSS;JavaScript,Artificial Intelligence
22P35A0115,78,CSS;JavaScript,Artificial Intelligence
22P35A0117,78,CSS;JavaScript,Artificial Intelligence
22P35A0118,78,CSS;JavaScript,Artificial Intelligence
22P35A0119,78,CSS;JavaScript,Artificial Intelligence
22P35A0121,78,CSS;JavaScript,Artificial Intelligence
22P35A0122,78,CSS;JavaScript,Artificial Intelligence
22P35A0126,78,CSS;JavaScript,Artificial Intelligence
22P35A0128,78,CSS;JavaScript,Artificial Intelligence
22P35A0131,78,CSS;JavaScript,Artificial Intelligence
22P35A0132,78,CSS;JavaScript,Artificial Intelligence
22P35A0134,78,CSS;JavaScript,Artificial Intelligence
22P35A0136,78,CSS;JavaScript,Artificial Intelligence
22P35A0139,78,CSS;JavaScript,Artificial Intelligence
22P35A0140,78,CSS;JavaScript,Artificial Intelligence
22P35A0142,78,CSS;JavaScript,Artificial Intelligence
22P35A0143,78,CSS;JavaScript,Artificial Intelligence
22P35A0144,78,CSS;JavaScript,Artificial Intelligence
22P35A0149,78,CSS;JavaScript,Artificial Intelligence
22P35A0150,78,CSS;JavaScript,Artificial Intelligence
22P35A0151,78,CSS;JavaScript,Artificial Intelligence
22P35A0152,78,CSS;JavaScript,Artificial Intelligence
22P35A0159,78,CSS;JavaScript,Artificial Intelligence
22P35A0161,78,CSS;JavaScript,Artificial Intelligence
22P35A0163,78,CSS;JavaScript,Artificial Intelligence
22P35A0164,78,CSS;JavaScript,Artificial Intelligence
22P35A0165,78,CSS;JavaScript,Artificial Intelligence
22P35A0166,78,CSS;JavaScript,Artificial Intelligence
22P35A0167,78,CSS;JavaScript,Artificial Intelligence
22P35A0169,78,CSS;JavaScript,Artificial Intelligence
22P35A0173,78,CSS;JavaScript,Artificial Intelligence
22P35A0174,78,CSS;JavaScript,Artificial Intelligence
22P35A0176,78,CSS;JavaScript,Artificial Intelligence
22P35A0178,78,CSS;JavaScript,Artificial Intelligence
22P35A0179,78,CSS;JavaScript,Artificial Intelligence
22P35A0180,78,CSS;JavaScript,Artificial Intelligence
22P35A0184,78,CSS;JavaScript,Artificial Intelligence
22P35A0187,78,CSS;JavaScript,Artificial Intelligence
22P35A0188,78,CSS;JavaScript,Artificial Intelligence
22P35A0190,78,CSS;JavaScript,Artificial Intelligence
22P35A0192,78,CSS;JavaScript,Artificial Intelligence
22P35A0193,78,CSS;JavaScript,Artificial Intelligence
22P35A0194,78,CSS;JavaScript,Artificial Intelligence
22P35A0195,78,CSS;JavaScript,Artificial Intelligence
22P35A0196,78,CSS;JavaScript,Artificial Intelligence
21P31A0309,78,CSS;JavaScript,Artificial Intelligence
21P31A0327,78,CSS;JavaScript,Artificial Intelligence
21P31A0329,78,CSS;JavaScript,Artificial Intelligence
22P35A0302,78,CSS;JavaScript,Artificial Intelligence
22P35A0303,78,CSS;JavaScript,Artificial Intelligence
22P35A0306,78,CSS;JavaScript,Artificial Intelligence
22P35A0307,78,CSS;JavaScript,Artificial Intelligence
22P35A0309,78,CSS;JavaScript,Artificial Intelligence
22P35A0311,78,CSS;JavaScript,Artificial Intelligence
22P35A0312,78,CSS;JavaScript,Artificial Intelligence
22P35A0313,78,CSS;JavaScript,Artificial Intelligence
22P35A0314,78,CSS;JavaScript,Artificial Intelligence
22P35A0315,78,CSS;JavaScript,Artificial Intelligence
22P35A0317,78,CSS;JavaScript,Artificial Intelligence
22P35A0318,78,CSS;JavaScript,Artificial Intelligence
22P35A0320,78,CSS;JavaScript,Artificial Intelligence
22P35A0321,78,CSS;JavaScript,Artificial Intelligence
22P35A0322,78,CSS;JavaScript,Artificial Intelligence
22P35A0323,78,CSS;JavaScript,Artificial Intelligence
22P35A0325,78,CSS;JavaScript,Artificial Intelligence
22P35A0327,78,CSS;JavaScript,Artificial Intelligence
22P35A0328,78,CSS;JavaScript,Artificial Intelligence
22P35A0329,78,CSS;JavaScript,Artificial Intelligence
22P35A0330,78,CSS;JavaScript,Artificial Intelligence
22P35A0336,78,CSS;JavaScript,Artificial Intelligence
22P35A0341,78,CSS;JavaScript,Artificial Intelligence
22P35A0342,78,CSS;JavaScript,Artificial Intelligence
22P35A0343,78,CSS;JavaScript,Artificial Intelligence
22P35A0349,78,CSS;JavaScript,Artificial Intelligence
22P35A0350,78,CSS;JavaScript,Artificial Intelligence
22P35A0357,78,CSS;JavaScript,Artificial Intelligence
22P35A0358,78,CSS;JavaScript,Artificial Intelligence
22P35A0361,78,CSS;JavaScript,Artificial Intelligence
22P35A0370,78,CSS;JavaScript,Artificial Intelligence
22P35A0372,78,CSS;JavaScript,Artificial Intelligence
22P35A0373,78,CSS;JavaScript,Artificial Intelligence
22P35A0374,78,CSS;JavaScript,Artificial Intelligence
22P35A0375,78,CSS;JavaScript,Artificial Intelligence
22P35A0380,78,CSS;JavaScript,Artificial Intelligence
22P35A0383,78,CSS;JavaScript,Artificial Intelligence
22P35A0385,78,CSS;JavaScript,Artificial Intelligence
22P35A0386,78,CSS;JavaScript,Artificial Intelligence
22P35A0387,78,CSS;JavaScript,Artificial Intelligence
22P35A0388,78,CSS;JavaScript,Artificial Intelligence
22P35A0389,78,CSS;JavaScript,Artificial Intelligence
22P35A0390,78,CSS;JavaScript,Artificial Intelligence
22P35A0391,78,CSS;JavaScript,Artificial Intelligence
22P35A0392,78,CSS;JavaScript,Artificial Intelligence
22P35A0395,78,CSS;JavaScript,Artificial Intelligence
22P35A0396,78,CSS;JavaScript,Artificial Intelligence
22P35A0398,78,CSS;JavaScript,Artificial Intelligence
22P35A03A0,78,CSS;JavaScript,Artificial Intelligence
22P35A03A3,78,CSS;JavaScript,Artificial Intelligence
22P35A03A4,78,CSS;JavaScript,Artificial Intelligence
22P35A03A6,78,CSS;JavaScript,Artificial Intelligence
22P35A03A7,78,CSS;JavaScript,Artificial Intelligence
22P35A03A8,78,CSS;JavaScript,Artificial Intelligence
22P35A03A9,78,CSS;JavaScript,Artificial Intelligence
22P35A03B6,78,CSS;JavaScript,Artificial Intelligence
22P35A03B7,78,CSS;JavaScript,Artificial Intelligence
22P35A03B8,78,CSS;JavaScript,Artificial Intelligence
22P35A03B9,78,CSS;JavaScript,Artificial Intelligence
22P35A03C0,78,CSS;JavaScript,Artificial Intelligence
22P35A03C3,78,CSS;JavaScript,Artificial Intelligence
22P35A03C4,78,CSS;JavaScript,Artificial Intelligence
22P35A03C5,78,CSS;JavaScript,Artificial Intelligence
22P35A03C8,78,CSS;JavaScript,Artificial Intelligence
22P35A03D2,78,CSS;JavaScript,Artificial Intelligence
22P35A03D9,78,CSS;JavaScript,Artificial Intelligence
22P35A03E0,78,CSS;JavaScript,Artificial Intelligence
22P35A03E5,78,CSS;JavaScript,Artificial Intelligence
22P35A03E6,78,CSS;JavaScript,Artificial Intelligence
21P31A0203,78,CSS;JavaScript,Artificial Intelligence
21P31A0208,78,CSS;JavaScript,Artificial Intelligence
21P31A0217,78,CSS;JavaScript,Artificial Intelligence
21P31A0222,78,CSS;JavaScript,Artificial Intelligence
21P31A0226,78,CSS;JavaScript,Artificial Intelligence
21P31A0228,78,CSS;JavaScript,Artificial Intelligence
21P31A0230,78,CSS;JavaScript,Artificial Intelligence
21P31A0231,78,CSS;JavaScript,Artificial Intelligence
21P31A0232,78,CSS;JavaScript,Artificial Intelligence
21P31A0233,78,CSS;JavaScript,Artificial Intelligence
21P31A0235,78,CSS;JavaScript,Artificial Intelligence
21P31A0236,78,CSS;JavaScript,Artificial Intelligence
21P31A0237,78,CSS;JavaScript,Artificial Intelligence
21P31A0238,78,CSS;JavaScript,Artificial Intelligence
21P31A0239,78,CSS;JavaScript,Artificial Intelligence
21P31A0241,78,CSS;JavaScript,Artificial Intelligence
21P31A0245,78,CSS;JavaScript,Artificial Intelligence
21P31A0247,78,CSS;JavaScript,Artificial Intelligence
22P35A0201,78,CSS;JavaScript,Artificial Intelligence
22P35A0204,78,CSS;JavaScript,Artificial Intelligence
22P35A0206,78,CSS;JavaScript,Artificial Intelligence
22P35A0208,78,CSS;JavaScript,Artificial Intelligence
22P35A0211,78,CSS;JavaScript,Artificial Intelligence
22P35A0214,78,CSS;JavaScript,Artificial Intelligence
22P35A0217,78,CSS;JavaScript,Artificial Intelligence
22P35A0219,78,CSS;JavaScript,Artificial Intelligence
22P35A0221,78,CSS;JavaScript,Artificial Intelligence
22P35A0222,78,CSS;JavaScript,Artificial Intelligence
22P35A0223,78,CSS;JavaScript,Artificial Intelligence
22P35A0224,78,CSS;JavaScript,Artificial Intelligence
21P31A1201,78,CSS;JavaScript,Artificial Intelligence
21P31A1202,78,CSS;JavaScript,Artificial Intelligence
21P31A1203,78,CSS;JavaScript,Artificial Intelligence
21P31A1209,78,CSS;JavaScript,Artificial Intelligence
21P31A1212,78,CSS;JavaScript,Artificial Intelligence
21P31A1214,78,CSS;JavaScript,Artificial Intelligence
21P31A1215,78,CSS;JavaScript,Artificial Intelligence
21P31A1218,78,CSS;JavaScript,Artificial Intelligence
21P31A1221,78,CSS;JavaScript,Artificial Intelligence
21P31A1231,78,CSS;JavaScript,Artificial Intelligence
21P31A1232,78,CSS;JavaScript,Artificial Intelligence
21P31A1234,78,CSS;JavaScript,Artificial Intelligence
21P31A1236,78,CSS;JavaScript,Artificial Intelligence
21P31A1238,78,CSS;JavaScript,Artificial Intelligence
21P31A1239,78,CSS;JavaScript,Artificial Intelligence
21P31A1240,78,CSS;JavaScript,Artificial Intelligence
21P31A1244,78,CSS;JavaScript,Artificial Intelligence
21P31A1249,78,CSS;JavaScript,Artificial Intelligence
21P31A1251,78,CSS;JavaScript,Artificial Intelligence
21P31A1252,78,CSS;JavaScript,Artificial Intelligence
21P31A1256,78,CSS;JavaScript,Artificial Intelligence
21P31A1257,78,CSS;JavaScript,Artificial Intelligence
21P31A1259,78,CSS;JavaScript,Artificial Intelligence
21P31A1261,78,CSS;JavaScript,Artificial Intelligence
21P31A1263,78,CSS;JavaScript,Artificial Intelligence
21P31A1264,78,CSS;JavaScript,Artificial Intelligence
21P31A1266,78,CSS;JavaScript,Artificial Intelligence
21P31A1267,78,CSS;JavaScript,Artificial Intelligence
22P35A1202,78,CSS;JavaScript,Artificial Intelligence
22P35A1203,78,CSS;JavaScript,Artificial Intelligence
22P35A1204,78,CSS;JavaScript,Artificial Intelligence
22P35A1205,78,CSS;JavaScript,Artificial Intelligence
21MH1A0502,78,CSS;JavaScript,Artificial Intelligence
21MH1A0503,78,CSS;JavaScript,Artificial Intelligence
21MH1A0504,78,CSS;JavaScript,Artificial Intelligence
21MH1A0511,78,CSS;JavaScript,Artificial Intelligence
21MH1A0514,78,CSS;JavaScript,Artificial Intelligence
21MH1A0521,78,CSS;JavaScript,Artificial Intelligence
21MH1A0523,78,CSS;JavaScript,Artificial Intelligence
21MH1A0527,78,CSS;JavaScript,Artificial Intelligence
21MH1A0528,78,CSS;JavaScript,Artificial Intelligence
21MH1A0533,78,CSS;JavaScript,Artificial Intelligence
21MH1A0535,78,CSS;JavaScript,Artificial Intelligence
21MH1A0542,78,CSS;JavaScript,Artificial Intelligence
21MH1A0544,78,CSS;JavaScript,Artificial Intelligence
21MH1A0545,78,CSS;JavaScript,Artificial Intelligence
21MH1A0548,78,CSS;JavaScript,Artificial Intelligence
21MH1A0551,78,CSS;JavaScript,Artificial Intelligence
21MH1A0556,78,CSS;JavaScript,Artificial Intelligence
21MH1A0558,78,CSS;JavaScript,Artificial Intelligence
21MH1A0560,78,CSS;JavaScript,Artificial Intelligence
21MH1A0561,78,CSS;JavaScript,Artificial Intelligence
21MH1A0562,78,CSS;JavaScript,Artificial Intelligence
21MH1A0563,78,CSS;JavaScript,Artificial Intelligence
21MH1A0564,78,CSS;JavaScript,Artificial Intelligence
21MH1A0566,78,CSS;JavaScript,Artificial Intelligence
21MH1A0567,78,CSS;JavaScript,Artificial Intelligence
21MH1A0569,78,CSS;JavaScript,Artificial Intelligence
21MH1A0573,78,CSS;JavaScript,Artificial Intelligence
21MH1A0574,78,CSS;JavaScript,Artificial Intelligence
21MH1A0576,78,CSS;JavaScript,Data Science
21MH1A0577,78,CSS;JavaScript,Data Science
21MH1A0580,78,CSS;JavaScript,Data Science
21MH1A0587,78,CSS;JavaScript,Data Science
21MH1A0589,78,CSS;JavaScript,Data Science
21MH1A0591,78,CSS;JavaScript,Data Science
21MH1A0593,78,CSS;JavaScript,Data Science
21MH1A0594,78,CSS;JavaScript,Data Science
21MH1A0595,78,CSS;JavaScript,Data Science
21MH1A0597,78,CSS;JavaScript,Data Science
21MH1A0598,78,CSS;JavaScript,Data Science
21MH1A0599,78,CSS;JavaScript,Data Science
21MH1A05A0,78,CSS;JavaScript,Data Science
21MH1A05A1,78,CSS;JavaScript,Data Science
21MH1A05A3,78,CSS;JavaScript,Data Science
21MH1A05A8,78,CSS;JavaScript,Data Science
21MH1A05B0,78,CSS;JavaScript,Data Science
21MH1A05B2,78,CSS;JavaScript,Data Science
21MH1A05B4,78,CSS;JavaScript,Data Science
21MH1A05B5,78,CSS;JavaScript,Data Science
21MH1A05B6,78,CSS;JavaScript,Data Science
21MH1A05B8,78,CSS;JavaScript,Data Science
21MH1A05C0,78,CSS;JavaScript,Data Science
21MH1A05C2,78,CSS;JavaScript,Data Science
21MH1A05C3,78,CSS;JavaScript,Data Science
21MH1A05C4,78,CSS;JavaScript,Data Science
21MH1A05C7,78,CSS;JavaScript,Data Science
21MH1A05C8,78,CSS;JavaScript,Data Science
21MH1A05C9,78,CSS;JavaScript,Data Science
21MH1A05D0,78,CSS;JavaScript,Data Science
21MH1A05D2,78,CSS;JavaScript,Data Science
21MH1A05D5,78,CSS;JavaScript,Data Science
21MH1A05D6,78,CSS;JavaScript,Data Science
21MH1A05D7,78,CSS;JavaScript,Data Science
21MH1A05D8,78,CSS;JavaScript,Data Science
21MH1A05E0,78,CSS;JavaScript,Data Science
21MH1A05E1,78,CSS;JavaScript,Data Science
21MH1A05E3,78,CSS;JavaScript,Data Science
22MH5A0502,78,CSS;JavaScript,Data Science
22MH5A0504,78,CSS;JavaScript,Data Science
22MH5A0505,78,CSS;JavaScript,Data Science
22MH5A0507,78,CSS;JavaScript,Data Science
21MH1A0402,78,CSS;JavaScript,Data Science
21MH1A0406,78,CSS;JavaScript,Data Science
21MH1A0408,78,CSS;JavaScript,Data Science
21MH1A0409,78,CSS;JavaScript,Data Science
21MH1A0411,78,CSS;JavaScript,Data Science
21MH1A0412,78,CSS;JavaScript,Data Science
21MH1A0416,78,CSS;JavaScript,Data Science
21MH1A0417,78,CSS;JavaScript,Data Science
21MH1A0421,78,CSS;JavaScript,Data Science
21MH1A0424,78,CSS;JavaScript,Data Science
21MH1A0425,78,CSS;JavaScript,Data Science
21MH1A0427,78,CSS;JavaScript,Data Science
21MH1A0430,78,CSS;JavaScript,Data Science
21MH1A0434,78,CSS;JavaScript,Data Science
21MH1A0435,78,CSS;JavaScript,Data Science
21MH1A0436,78,CSS;JavaScript,Data Science
21MH1A0437,78,CSS;JavaScript,Data Science
21MH1A0438,78,CSS;JavaScript,Data Science
21MH1A0440,78,CSS;JavaScript,Data Science
21MH1A0441,78,CSS;JavaScript,Data Science
21MH1A0442,78,CSS;JavaScript,Data Science
21MH1A0446,78,CSS;JavaScript,Data Science
21MH1A0449,78,CSS;JavaScript,Data Science
21MH1A0452,78,CSS;JavaScript,Data Science
21MH1A0455,78,CSS;JavaScript,Data Science
21MH1A0456,78,CSS;JavaScript,Data Science
21MH1A0457,78,CSS;JavaScript,Data Science
21MH1A0458,78,CSS;JavaScript,Data Science
21MH1A0459,78,CSS;JavaScript,Data Science
21MH1A0460,78,CSS;JavaScript,Data Science
21MH1A0461,78,CSS;JavaScript,Data Science
21MH1A0465,78,CSS;JavaScript,Data Science
21MH1A0469,78,CSS;JavaScript,Data Science
21MH1A0471,78,CSS;JavaScript,Data Science
21MH1A0478,78,CSS;JavaScript,Data Science
21MH1A0479,78,CSS;JavaScript,Data Science
21MH1A0480,78,CSS;JavaScript,Data Science
21MH1A0481,78,CSS;JavaScript,Data Science
21MH1A0482,78,CSS;JavaScript,Data Science
21MH1A0483,78,CSS;JavaScript,Data Science
21MH1A0486,78,CSS;JavaScript,Data Science
21MH1A0488,78,CSS;JavaScript,Data Science
21MH1A0494,78,CSS;JavaScript,Data Science
21MH1A0497,78,CSS;JavaScript,Data Science
21MH1A0498,78,CSS;JavaScript,Data Science
21MH1A04A3,78,CSS;JavaScript,Data Science
21MH1A04A6,78,CSS;JavaScript,Data Science
21MH1A04B1,78,CSS;JavaScript,Data Science
21MH1A04B6,78,CSS;JavaScript,Data Science
21MH1A04B7,78,CSS;JavaScript,Data Science
21MH1A04B8,78,CSS;JavaScript,Data Science
21MH1A04B9,78,CSS;JavaScript,Data Science
21MH1A04C0,78,CSS;JavaScript,Data Science
21MH1A04C1,78,CSS;JavaScript,Data Science
21MH1A04C7,78,CSS;JavaScript,Data Science
21MH1A04C8,78,CSS;JavaScript,Data Science
21MH1A04D0,78,CSS;JavaScript,Data Science
21MH1A04D5,78,CSS;JavaScript,Data Science
21MH1A04D8,78,CSS;JavaScript,Data Science
21MH1A04E1,78,CSS;JavaScript,Data Science
21MH1A04E2,78,CSS;JavaScript,Data Science
21MH1A04E4,78,CSS;JavaScript,Data Science
21MH1A04E6,78,CSS;JavaScript,Data Science
21MH1A04F1,78,CSS;JavaScript,Data Science
21MH1A04F3,78,Embedded Systems,Data Science
21MH1A04F7,78,Embedded Systems,Data Science
21MH1A04F8,78,Embedded Systems,Data Science
21MH1A04G0,78,Embedded Systems,Data Science
21MH1A04G1,78,Embedded Systems,Data Science
21MH1A04G2,78,Embedded Systems,Data Science
21MH1A04G3,78,Embedded Systems,Data Science
21MH1A04G7,78,Embedded Systems,Data Science
21MH1A04H2,78,Embedded Systems,Data Science
21MH1A04H3,78,Embedded Systems,Data Science
21MH1A04H4,78,Embedded Systems,Data Science
21MH1A04H8,78,Embedded Systems,Data Science
21MH1A04I4,78,Embedded Systems,Data Science
21MH1A04I5,78,Embedded Systems,Data Science
21MH1A04I6,78,Embedded Systems,Data Science
21MH1A04I7,78,Embedded Systems,Data Science
21MH1A04I8,78,Embedded Systems,Data Science
21MH1A04I9,78,Embedded Systems,Data Science
21MH1A04J2,78,Embedded Systems,Data Science
21MH1A04J3,78,Embedded Systems,Data Science
21MH1A04J5,78,Embedded Systems,Data Science
21MH1A04J6,78,Embedded Systems,Data Science
21MH1A04J7,78,Embedded Systems,Data Science
21MH1A04J8,78,Embedded Systems,Data Science
21MH1A04J9,78,Embedded Systems,Data Science
21MH1A04K0,78,Embedded Systems,Data Science
21MH1A04K1,78,Embedded Systems,Data Science
21MH1A04K4,78,Embedded Systems,Data Science
21MH1A04K5,78,Embedded Systems,Data Science
21MH1A04K6,78,Embedded Systems,Data Science
21MH1A04L1,78,Embedded Systems,Data Science
21MH1A04L5,78,Embedded Systems,Data Science
21MH1A04L9,78,Embedded Systems,Data Science
21MH1A04M2,78,Embedded Systems,Data Science
21MH1A04M6,78,Embedded Systems,Data Science
21MH1A04M7,78,Embedded Systems,Data Science
21MH1A04M9,78,Embedded Systems,Data Science
21MH1A04N0,78,Embedded Systems,Data Science
21MH1A04N1,78,Embedded Systems,Data Science
21MH1A04N2,78,Embedded Systems,Data Science
21MH1A04N4,78,Embedded Systems,Data Science
21MH1A04N5,78,Embedded Systems,Data Science
21MH1A04N6,78,Embedded Systems,Data Science
21MH1A04N7,78,Embedded Systems,Data Science
21MH1A04O0,78,Embedded Systems,Data Science
21MH1A04O7,78,Embedded Systems,Data Science
21MH1A04O8,78,Embedded Systems,Data Science
21MH1A04P0,78,Embedded Systems,Data Science
21MH1A04P1,78,Embedded Systems,Data Science
21MH1A04P3,78,Embedded Systems,Data Science
21MH1A04Q0,78,Embedded Systems,Data Science
21MH1A04Q1,78,Embedded Systems,Data Science
22MH5A0403,78,Embedded Systems,Data Science
22MH5A0404,78,Embedded Systems,Data Science
22MH5A0407,78,Embedded Systems,Data Science
22MH5A0408,78,Embedded Systems,Data Science
22MH5A0409,78,Embedded Systems,Data Science
22MH5A0411,78,Embedded Systems,Data Science
22MH5A0414,78,Embedded Systems,Data Science
22MH5A0416,78,Embedded Systems,Data Science
22MH5A0418,78,Embedded Systems,Data Science
22MH5A0419,78,Embedded Systems,Data Science
22MH5A0422,78,Embedded Systems,Data Science
22MH5A0425,78,Embedded Systems,Data Science
21MH1A0102,78,Embedded Systems,Data Science
21MH1A0108,78,Embedded Systems,Data Science
21MH1A0112,78,Embedded Systems,Data Science
22MH5A0101,78,Embedded Systems,Data Science
22MH5A0102,78,Embedded Systems,Data Science
22MH5A0103,78,Embedded Systems,Data Science
22MH5A0104,78,Embedded Systems,Data Science
22MH5A0105,78,Embedded Systems,Data Science
22MH5A0106,78,Embedded Systems,Data Science
22MH5A0107,78,Embedded Systems,Data Science
22MH5A0108,78,Embedded Systems,Data Science
22MH5A0110,78,Embedded Systems,Data Science
22MH5A0111,78,Embedded Systems,Data Science
22MH5A0112,78,Embedded Systems,Data Science
22MH5A0115,78,Embedded Systems,Data Science
22MH5A0117,78,Embedded Systems,Data Science
22MH5A0118,78,Embedded Systems,Data Science
22MH5A0123,78,Embedded Systems,Data Science
22MH5A0124,78,Embedded Systems,Data Science
22MH5A0125,78,Embedded Systems,Data Science
22MH5A0129,78,Embedded Systems,Data Science
22MH5A0130,78,Embedded Systems,Data Science
22MH5A0131,78,Embedded Systems,Data Science
22MH5A0132,78,Embedded Systems,Data Science
22MH5A0135,78,Embedded Systems,Data Science
22MH5A0137,78,Embedded Systems,Data Science
22MH5A0307,78,Embedded Systems,Data Science
22MH5A0314,78,Embedded Systems,Data Science
22MH5A0317,78,Embedded Systems,Data Science
22MH5A0318,78,Embedded Systems,Data Science
22MH5A0319,78,Embedded Systems,Data Science
22MH5A0321,78,Embedded Systems,Data Science
22MH5A0323,78,Embedded Systems,Data Science
22MH5A0324,78,Embedded Systems,Data Science
22MH5A0325,78,Embedded Systems,Hardware Engineering
22MH5A0330,78,Embedded Systems,Hardware Engineering
22MH5A0334,78,Embedded Systems,Hardware Engineering
22MH5A0344,78,Embedded Systems,Hardware Engineering
22MH5A0348,78,Embedded Systems,Hardware Engineering
22MH5A0356,78,Embedded Systems,Hardware Engineering
22MH5A0360,78,Embedded Systems,Hardware Engineering
22MH5A0363,78,Embedded Systems,Hardware Engineering
22MH5A0365,78,Embedded Systems,Hardware Engineering
22MH5A0366,78,Embedded Systems,Hardware Engineering
22MH5A0368,78,Embedded Systems,Hardware Engineering
22MH5A0377,78,Embedded Systems,Hardware Engineering
22MH5A0382,78,Embedded Systems,Hardware Engineering
22MH5A0387,78,Embedded Systems,Hardware Engineering
22MH5A0389,78,Embedded Systems,Hardware Engineering
21MH1A0201,78,Embedded Systems,Hardware Engineering
21MH1A0206,78,Embedded Systems,Hardware Engineering
21MH1A0207,78,Embedded Systems,Hardware Engineering
21MH1A0208,78,Embedded Systems,Hardware Engineering
21MH1A0210,78,Embedded Systems,Hardware Engineering
21MH1A0219,78,Embedded Systems,Hardware Engineering
21MH1A0225,78,Embedded Systems,Hardware Engineering
21MH1A0226,78,Embedded Systems,Hardware Engineering
21MH1A0227,78,Embedded Systems,Hardware Engineering
21MH1A0229,78,Embedded Systems,Hardware Engineering
21MH1A0233,78,Embedded Systems,Hardware Engineering
21MH1A0235,78,Embedded Systems,Hardware Engineering
21MH1A0241,78,Embedded Systems,Hardware Engineering
22MH5A0201,78,Embedded Systems,Hardware Engineering
22MH5A0202,78,Embedded Systems,Hardware Engineering
22MH5A0203,78,Embedded Systems,Hardware Engineering
22MH5A0204,78,Embedded Systems,Hardware Engineering
22MH5A0209,78,Embedded Systems,Hardware Engineering
22MH5A0210,78,Embedded Systems,Hardware Engineering
22MH5A0211,78,Embedded Systems,Hardware Engineering
22MH5A0213,78,Embedded Systems,Hardware Engineering
22MH5A0214,78,Embedded Systems,Hardware Engineering
22MH5A0220,78,Embedded Systems,Hardware Engineering
22MH5A0223,78,Embedded Systems,Hardware Engineering
22MH5A0226,78,Embedded Systems,Hardware Engineering
22MH5A0227,78,Embedded Systems,Hardware Engineering
21MH1A4201,78,Embedded Systems,Hardware Engineering
21MH1A4203,78,Embedded Systems,Hardware Engineering
21MH1A4204,78,Embedded Systems,Hardware Engineering
21MH1A4205,78,Embedded Systems,Hardware Engineering
21MH1A4207,78,Embedded Systems,Hardware Engineering
21MH1A4209,78,Embedded Systems,Hardware Engineering
21MH1A4210,78,Embedded Systems,Hardware Engineering
21MH1A4215,78,Embedded Systems,Hardware Engineering
21MH1A4216,78,Embedded Systems,Hardware Engineering
21MH1A4225,78,Embedded Systems,Hardware Engineering
21MH1A4234,78,Embedded Systems,Hardware Engineering
21MH1A4237,78,Embedded Systems,Hardware Engineering
21MH1A4245,78,Embedded Systems,Hardware Engineering
21MH1A4246,78,Embedded Systems,Hardware Engineering
21MH1A4250,78,Embedded Systems,Hardware Engineering
21MH1A4254,78,Embedded Systems,Hardware Engineering
21MH1A4256,78,Embedded Systems,Hardware Engineering
21MH1A4259,78,Embedded Systems,Hardware Engineering
21MH1A4261,78,Embedded Systems,Hardware Engineering
21MH1A4265,78,Embedded Systems,Hardware Engineering
21MH1A4266,78,Embedded Systems,Hardware Engineering
22MH5A4202,78,Embedded Systems,Hardware Engineering
22MH5A4204,78,Embedded Systems,Hardware Engineering
22MH5A4205,78,Embedded Systems,Hardware Engineering
22MH5A4206,78,Embedded Systems,Hardware Engineering
21MH1A4901,78,Embedded Systems,Hardware Engineering
21MH1A4902,78,Embedded Systems,Hardware Engineering
21MH1A4903,78,Embedded Systems,Hardware Engineering
21MH1A4904,78,Embedded Systems,Hardware Engineering
21MH1A4905,78,Embedded Systems,Hardware Engineering
21MH1A4908,78,Embedded Systems,Hardware Engineering
21MH1A4911,78,Embedded Systems,Hardware Engineering
21MH1A4913,78,Embedded Systems,Hardware Engineering
21MH1A4915,78,Embedded Systems,Hardware Engineering
21MH1A4916,78,Embedded Systems,Hardware Engineering
21MH1A4917,78,Embedded Systems,Hardware Engineering
21MH1A4918,78,Embedded Systems,Hardware Engineering
21MH1A4920,78,Embedded Systems,Hardware Engineering
21MH1A4928,78,Embedded Systems,Hardware Engineering
21MH1A4929,78,Embedded Systems,Hardware Engineering
21MH1A4932,78,Embedded Systems,Hardware Engineering
21MH1A4933,78,Embedded Systems,Hardware Engineering
21MH1A4936,78,Embedded Systems,Hardware Engineering
21MH1A4940,78,Embedded Systems,Hardware Engineering
21MH1A4944,78,Embedded Systems,Hardware Engineering
21MH1A4946,78,Embedded Systems,Hardware Engineering
21MH1A4947,78,Embedded Systems,Hardware Engineering
21MH1A4948,78,Embedded Systems,Hardware Engineering
21MH1A4949,78,Embedded Systems,Hardware Engineering
21MH1A4951,78,Embedded Systems,Hardware Engineering
21MH1A4952,78,Embedded Systems,Hardware Engineering
21MH1A4953,78,Embedded Systems,Hardware Engineering
21MH1A4954,78,Embedded Systems,Hardware Engineering
21MH1A4955,78,Embedded Systems,Hardware Engineering
21MH1A4958,78,Embedded Systems,Hardware Engineering
21MH1A4959,78,Embedded Systems,Hardware Engineering
21MH1A4960,78,Embedded Systems,Hardware Engineering
21MH1A4963,78,Embedded Systems,Hardware Engineering
21MH1A4964,78,Embedded Systems,Hardware Engineering
22MH5A4903,78,Embedded Systems,Hardware Engineering
22MH5A4906,78,Embedded Systems,Hardware Engineering
22MH5A4907,78,Embedded Systems,Hardware Engineering
22MH5A4908,78,Embedded Systems,Hardware Engineering
